{"B2":-375186.9914668909,"B2_hs":27180.797839471088,"B2_reduced":-13.80338405379905,"sigma":23.5,"kD":0.002063459242148128}
