{"B2":-338279.23032592156,"B2_hs":27180.797839471088,"B2_reduced":-12.445522472290465,"sigma":23.5,"kD":0.002271847725057298}
