{"B2":-296330.0195367125,"B2_hs":27180.797839471088,"B2_reduced":-10.902182536613825,"sigma":23.5,"kD":0.002566435151444944}
