{"B2":-252175.81592598997,"B2_hs":27180.797839471088,"B2_reduced":-9.277719418514945,"sigma":23.5,"kD":0.002972077597862033}
