{"B2":-208139.56805279007,"B2_hs":27180.797839471088,"B2_reduced":-7.657595972055552,"sigma":23.5,"kD":0.0035282519234525293}
