Residue,a,b,c,d
Ala,1.5698509835626703e-05,-0.018634736472145207,6.982509943750797,-658.9641552519493
Arg,0.0002023438253736361,-0.22280514992597616,81.7352308270437,-9640.707000149581
Asn,1.8800151444987078e-05,-0.023531276098994226,10.327199954699246,-1380.0744812777648
Asp,8.952655340470782e-06,-0.013010456980722639,6.624077492577429,-951.6594216464422
Cys,2.5542779940675738e-05,-0.030477068700813015,12.430756749329861,-1420.278695638411
Gln,2.5542779940675917e-05,-0.030477068700813188,12.43075674932992,-1477.6786956384174
Glu,7.826604540030731e-06,-0.012485747693254227,6.393752201319192,-808.8649984899012
Gly,1.5634649527033985e-05,-0.018818105724889966,7.3206156753519585,-830.7475918485185
His,-6.902431315523222e-05,0.07382170971735051,-25.815636424569092,3162.5578611538945
Ile,1.7041748435392554e-05,-0.02003543218990082,7.6774892491125115,-541.661793097494
Leu,1.394826434088844e-05,-0.016786338214063834,6.599274439494652,-447.50403234400665
Lys,8.280714245129156e-05,-0.09475227636596863,36.11701370415732,-4277.053875570677
Met,-1.5871716240764416e-05,0.01807369590630841,-6.916116141611875,1068.5565346517046
Phe,1.1045773895448915e-05,-0.012761077769413744,4.585782228270412,-126.73408852173097
Pro,-7.315829872773843e-05,0.07890307012776496,-28.454649414065535,3602.2589682347852
Ser,1.7534360967012857e-05,-0.020763281843040705,8.434629291547362,-1037.3422480433642
Thr,1.6535540045706403e-06,0.0012798160214897835,-1.0013136128864064,341.5890110634579
Trp,1.3507871167174596e-05,-0.015239681579369406,5.408567032002152,-141.36185375127175
Tyr,-7.48972492018977e-06,0.008269192825366693,-2.7995294639553276,614.6598209996098
Val,-1.1284867920558628e-05,0.007894021307883168,-1.6328450522556708,414.4868612740528
